file,command,speaker,split,orig_sr,duration_s,speech_s,peak,rms_db,vad_found,tail_zero_s
dataset\bat_den_tran\phat_002.wav,bat_den_tran,phat,train,16000,2.0,0.835,0.1624,-44.28,1,0.0
dataset\bat_den_tran\phat_003.wav,bat_den_tran,phat,test,16000,2.0,0.855,0.0387,-48.32,1,0.037
dataset\bat_den_tran\phat_004.wav,bat_den_tran,phat,val,16000,2.0,0.675,0.0647,-47.71,1,0.0
dataset\bat_den_tran\phat_005.wav,bat_den_tran,phat,train,16000,2.0,0.735,0.0675,-47.72,1,0.037
dataset\bat_den_tran\vi_001.wav,bat_den_tran,vi,train,16000,2.0,1.895,0.5627,-27.63,1,0.0
dataset\bat_dieu_hoa\phat_001.wav,bat_dieu_hoa,phat,train,16000,2.0,0.875,0.2473,-36.02,1,0.037
dataset\bat_dieu_hoa\phat_002.wav,bat_dieu_hoa,phat,train,16000,2.0,1.035,0.1685,-37.95,1,0.037
dataset\bat_dieu_hoa\phat_003.wav,bat_dieu_hoa,phat,test,16000,2.0,0.895,0.1039,-40.87,1,0.037
dataset\bat_dieu_hoa\phat_004.wav,bat_dieu_hoa,phat,val,16000,2.0,0.965,0.0966,-42.57,1,0.037
dataset\bat_dieu_hoa\phat_005.wav,bat_dieu_hoa,phat,train,16000,2.0,1.125,0.137,-38.13,1,0.037
dataset\bat_dieu_hoa\vi_001.wav,bat_dieu_hoa,vi,train,16000,2.0,1.555,0.6049,-26.51,1,0.037
dataset\bat_dieu_hoa\vi_002.wav,bat_dieu_hoa,vi,train,16000,2.0,1.355,0.241,-31.36,1,0.037
dataset\bat_tivi\phat_001.wav,bat_tivi,phat,train,16000,2.0,0.765,0.1958,-37.93,1,0.037
dataset\bat_tivi\phat_002.wav,bat_tivi,phat,val,16000,2.0,0.835,0.037,-46.82,1,0.0
dataset\bat_tivi\phat_003.wav,bat_tivi,phat,test,16000,2.0,0.705,0.0333,-49.02,1,0.037
dataset\bat_tivi\phat_004.wav,bat_tivi,phat,train,16000,2.0,0.805,0.0711,-47.17,1,0.0
dataset\bat_tivi\phat_005.wav,bat_tivi,phat,train,16000,2.0,0.785,0.05,-46.19,1,0.037
dataset\mo_rem\phat_001.wav,mo_rem,phat,train,16000,2.0,0.735,0.2858,-40.57,1,0.037
dataset\mo_rem\phat_002.wav,mo_rem,phat,train,16000,2.0,0.615,0.0336,-46.86,1,0.0
dataset\mo_rem\phat_003.wav,mo_rem,phat,test,16000,2.0,0.665,0.0309,-47.18,1,0.037
dataset\mo_rem\phat_004.wav,mo_rem,phat,val,16000,2.0,0.595,0.0398,-47.29,1,0.0
dataset\mo_rem\phat_005.wav,mo_rem,phat,train,16000,2.0,0.555,0.0349,-47.75,1,0.037
dataset\noise\phat_001.wav,noise,phat,val,16000,2.0,0.0,0.0058,-55.2,0,0.037
dataset\noise\phat_002.wav,noise,phat,train,16000,2.0,0.0,0.0061,-54.85,0,0.0
dataset\noise\phat_003.wav,noise,phat,train,16000,2.0,0.215,0.0091,-53.75,1,0.037
dataset\noise\phat_004.wav,noise,phat,test,16000,2.0,0.175,0.0093,-54.28,1,0.0
dataset\noise\phat_005.wav,noise,phat,train,16000,2.0,0.0,0.0067,-54.24,0,0.037
dataset\tat_den_tran\phat_001.wav,tat_den_tran,phat,val,16000,2.0,0.705,0.0453,-47.81,1,0.0
dataset\tat_den_tran\phat_002.wav,tat_den_tran,phat,train,16000,2.0,0.685,0.0346,-48.17,1,0.037
dataset\tat_den_tran\phat_003.wav,tat_den_tran,phat,train,16000,2.0,0.935,0.0407,-46.74,1,0.037
dataset\tat_den_tran\phat_004.wav,tat_den_tran,phat,train,16000,2.0,0.755,0.0452,-47.78,1,0.0
dataset\tat_den_tran\phat_005.wav,tat_den_tran,phat,test,16000,2.0,0.915,0.058,-45.83,1,0.037
dataset\tat_dieu_hoa\phat_001.wav,tat_dieu_hoa,phat,train,16000,2.0,0.795,0.2023,-36.4,1,0.0
dataset\tat_dieu_hoa\phat_002.wav,tat_dieu_hoa,phat,train,16000,2.0,0.785,0.2035,-35.23,1,0.037
dataset\tat_dieu_hoa\phat_003.wav,tat_dieu_hoa,phat,train,16000,2.0,0.815,0.2532,-36.23,1,0.037
dataset\tat_dieu_hoa\phat_004.wav,tat_dieu_hoa,phat,test,16000,2.0,0.955,0.1401,-38.73,1,0.0
dataset\tat_dieu_hoa\phat_005.wav,tat_dieu_hoa,phat,val,16000,2.0,1.215,0.1564,-39.93,1,0.037
dataset\tat_dieu_hoa\vi_001.wav,tat_dieu_hoa,vi,train,16000,2.0,1.515,0.1585,-32.03,1,0.0
dataset\tat_dieu_hoa\vi_002.wav,tat_dieu_hoa,vi,train,16000,2.0,1.415,0.2349,-30.11,1,0.037
